id,trigger,conditions,script,text,options,notes
# Trade panel flavor text,,,,,,
flavorTextMarketFireworksFactory,TradePanelFlavorText,"$global.tradePanelMode == MARKET
$faction.id == syndicate_asp
$market.id == fireworks_factory score:2","AddText ""The docking bay to The Factory teems with smaller ships bringing in cargo from the extra-orbital mining operations within the Fireworks Belt. The lucky operators just about cover their living costs after they have settled the issue of 'protection'. Empty, angry eyes abound - with heavy-armoured Syndicate Marines on every corner."" marketFlavorTextColor",,,
flavorTextMarketNomde,TradePanelFlavorText,"$global.tradePanelMode == MARKET
$faction.id == junk_pirates
$market.id == nomde_plume score:2","AddText ""The incessant rumble of the systems sweeping volatiles from the surface of Nearly There make civilised conversation impractical, and the unusual practice of mixing personnel transit routes with conduits for the gaseous volatiles makes unaccompanied exploration inadvisable. The dock-hands give all crew (on arrival) foam ear-plugs, specialised breathing apparatus and an illustrated guide to the station with a central fold-out map."" marketFlavorTextColor",,,
flavorTextMarketKarkov,TradePanelFlavorText,"$global.tradePanelMode == MARKET
$faction.id == junk_pirates
$market.id == karkov_academy score:2","AddText ""The irregular dull drumming of debris shunts the heavily armoured carapace of this station, erected and operated in the honour of a long dead Naval commander of questionable achievement and repute - Karkov. Her image hangs from the central domical light by thick steel cabling. Welding drones hum as they hover amongst the high arched ceilings constantly repairing and refurbishing the buckling walls and struts, shifting almost visibly under the pressure of the external battering. The strobing flashes from welding torches light up the main hall highlighting the blue and red uniforms of hundreds of the next generation of the Junk Pirates Navy, almost all of them appear to be drunk. The air is thick with alcohol and the taste of hot metal."" marketFlavorTextColor",,,
flavorTextMarketGlory,TradePanelFlavorText,"$global.tradePanelMode == MARKET
$faction.id == junk_pirates
$market.id == glory score:2","AddText ""The hab-tubes echo - almost glow - with the reverberant noise of laughter and conversation. It is difficult to hear anything with people shouting over the top of other people shouting in the main thoroughfares, whilst the stores, workshops and living spaces accessible immediately through heavy, bronze-tinged ceramic doors, are eerily quiet. The symbol of Glory hiding in the shadow of the red star Breh'Inni recurs throughout most spaces."" marketFlavorTextColor",,,
flavorTextMarketEarBurns,TradePanelFlavorText,"$global.tradePanelMode == MARKET
$faction.id == independent
$market.id == ear_burns score:2","AddText ""The artificial, dendritically branching network of high-pressure, radiation-proof habitations on this near-star world are oppressive and the atmosphere is thick. Nevertheless the pirates, brigands and artists that call this place home are unusually warm to visitors. Any visitor to this frontier world is given a free reign, and treated with great respect as a matter of course - those that live here are safe in the knowledge that any misstep will quickly see them ejected on to the exceptionally hot surface of the planet that is only ever a few tens of metres away from anywhere you could ever be."" marketFlavorTextColor",,,
flavorTextMarketPaddington,TradePanelFlavorText,"$global.tradePanelMode == MARKET
$faction.id == syndicate_asp
$market.id == paddington score:2","AddText ""The number of adverts hawking the services of the ASP Syndicate are almost unbearable, and each one seems to be designed to be more eye-catching than the last. Neon lights and rapidly repeating beat-based musical interludes punctuate your interactions with the locals - who seem - as a rule - content, healthy and relatively wealthy."" marketFlavorTextColor",,,
flavorTextMarketYogi,TradePanelFlavorText,"$global.tradePanelMode == MARKET
$faction.id == independent
$market.id == yogi score:2","AddText ""The smell of soap is all-encompassing, a (fortunate) by-product of whatever is going on in the ubiquitous chemical processing filtration plants throughout Yogi."" marketFlavorTextColor",,,
flavorTextMarketDartmouth,TradePanelFlavorText,"$global.tradePanelMode == MARKET
$faction.id == junk_pirates
$market.id == dartmouth score:2","AddText ""The hab-tubes echo - almost glow - with the reverberant noise of laughter and conversation. It is difficult to hear anything with people shouting over the top of other people shouting in the main thoroughfares, whilst the stores, workshops and living spaces accessible immediately through heavy, bronze-tinged ceramic doors, are eerily quiet. The symbol of Glory hiding in the shadow of the red star Breh'Inni recurs throughout most spaces."" marketFlavorTextColor",,,
flavorTextMarketChristchurch,TradePanelFlavorText,"$global.tradePanelMode == MARKET
$faction.id == pack
$market.id == christchurch score:2","AddText ""The hab-tubes in the main thoroughfares are generally quiet and sparsely populated. Locals mutter of the completion of the Exodus - and a change in fortunes. The three-toed paw of the Post Anarchist Canis Kollective has been stamped in ink against most doors."" marketFlavorTextColor",,,
flavorTextMarketPetra,TradePanelFlavorText,"$global.tradePanelMode == MARKET
$faction.id == pack
$market.id == petra score:2","AddText ""A large, traditional woven tapestry of the Three-Toed Paw of the P.A.C.K. greets you at the dock gate, alongside a group of locals. They welcome you in, but warn you (seriously) to steer clear of the forbidden areas. A loop plays on the holo-screen projector describing the opportunities for enterprising individuals on Christchurch."" marketFlavorTextColor",,,
flavorTextMarketFinnigans,TradePanelFlavorText,"$global.tradePanelMode == MARKET
$faction.id == pirates
$market.id == finnigans score:2","AddText ""Ship traffic is busy with the movement of freighters and light escorts - there are those bringing minerals on-board the station and those taking them further afield. Inventory system holo-projections blink in and out of existence as dockers process loads, with automated cranes and drone-shuttles sliding along rails and through the volume of the bay organising kiloton upon kiloton of the asteroidal hoard."" marketFlavorTextColor",,,
flavorTextMarketBearspit,TradePanelFlavorText,"$global.tradePanelMode == MARKET
$faction.id == pirates
$market.id == bear_pit score:2","AddText ""Visitors are less common at this sparsely populated station, and the folk around the place tend to smile in a sinister way. Hawkers hand out invites to phenomemonally expensive-to-view no-rules fight events, giving away luridly coloured drinks in bulbous smoking vials to sweeten the invite. Unexplained dark stains streak against most walls."" marketFlavorTextColor",,,
anarchistStationFleetOpenDefault,BeginFleetEncounter,"$isStation
$faction.id == junk_pirates_technicians
!$printedDesc",$printedDesc = true 0,"The unusual carbuncular shape of the Anarchist settlement fills the tactical target display. A cloud of life signs float busily around the outside of the hull.
Displays zoom in and flicker across the faces of the vaguely human forms - many seemingly capable of existing suitless in the zero atmosphere environment. The bridge becomes quiet with the obvious signs of aggressive cybernetic and genetic enhancements. Fighter craft start to swarm, readying for hostility.
This combat station is robust, well defended and should not be engaged lightly.",,
anarchistStationFleetOpenDamaged,BeginFleetEncounter,"$isStation
$damagedStation
$faction.id == junk_pirates_hounds
!$printedDesc",$printedDesc = true 0,"The unusual carbuncular shape of the Anarchist settlement fills the tactical target display. A small cloud of life signs speckle the outside of the hull.
Displays zoom in and flicker across the faces of the vaguely human forms - some seemingly capable of existing suitless in the zero atmosphere environment. The bridge becomes quiet with the obvious signs of aggressive cybernetic and genetic enhancements. The tell tale signs of fighter craft engine spark up and await within, ready to defend.
This combat station is robust and should not be engaged lightly.",,
junkpiratesSpineretteOpenDialog,OpenInteractionDialog,$customType == junk_pirates_spinerette_active score:1000,"JunkPiratesLostTechSalvageGen
ShowDefaultVisual
FireBest SalvageCheckHostile","Your $shipOrFleet approaches the Automata Cloud.
Sensors are indicating many discrete energy signatures in a cloud of varying density, forming a kind of loose tree shape rooted planetside and centred on a highly dense signature (or signatures) sitting at a fixed altitude in a geostationary orbit.",,
junkpiratesSpineretteDefenders,TriggerAutomatedDefenses,$customType == junk_pirates_spinerette_active score:1000,JunkPiratesLostTechDefenderInteraction,"As your $shipOrFleet moves in closer, the dim glow from planetside starts to bring into relief a huge mechanical ballet of various drones and other automata in the midst of some bizarre planetary-scale mining and fabrication exercise.
With your increasing proximity, the interplay seems to gradually slow down and coalesce, inferring an awareness of you as a potential threat.",,
#ASP Courier Flavour Text,,,,,,
greetingAspItemsFriendly,OpenCommLink,"$entity.aspCourierFleetITEMS score:1000
$faction.friendlyToPlayer","$menuState = fleetConvMain 0
FireAll PopulateOptions","Hi, friend. Can this wait? We're on the clock here.",,
greetingAspItemsNeutral,OpenCommLink,"$entity.aspCourierFleetITEMS score:1000
$faction.neutralToPlayer","$menuState = fleetConvMain 0
FireAll PopulateOptions","I'm sorry but we can't be kept long, we're on important Syndicate Business.",,
greetingAspItemsHostile,OpenCommLink,"$entity.aspCourierFleetITEMS score:1000
$faction.hostileToPlayer",$ignorePlayerCommRequests = true 1,All requests for comms are being denied.,cutCommLink:Cut the comm link,
greetingAspMoneyFriendly,OpenCommLink,"$entity.aspCourierFleetMONEY score:1000
$faction.friendlyToPlayer","$menuState = fleetConvMain 0
FireAll PopulateOptions","Hi, friend. Can this wait? We're on the clock here.",,
greetingAspMoneyNeutral,OpenCommLink,"$entity.aspCourierFleetMONEY score:1000
$faction.neutralToPlayer","$menuState = fleetConvMain 0
FireAll PopulateOptions","I'm sorry but we can't be kept long, we're on important Syndicate Business.",,
greetingAspMoneyHostile,OpenCommLink,"$entity.aspCourierFleetMONEY score:1000
$faction.hostileToPlayer",$ignorePlayerCommRequests = true 1,All requests for comms are being denied.,cutCommLink:Cut the comm link,
greetingAspVIPFriendly,OpenCommLink,"$entity.aspCourierFleetVIP score:1000
$faction.friendlyToPlayer","$menuState = fleetConvMain 0
FireAll PopulateOptions","Hi, friend. Can this wait? We're on the clock here.",,
greetingAspVIPNeutral,OpenCommLink,"$entity.aspCourierFleetVIP score:1000
$faction.neutralToPlayer","$menuState = fleetConvMain 0
FireAll PopulateOptions","I'm sorry but we can't be kept long, we're on important Syndicate Business.",,
greetingAspVIPHostile,OpenCommLink,"$entity.aspCourierFleetVIP score:1000
$faction.hostileToPlayer",$ignorePlayerCommRequests = true 1,"$personRank appears over the comms channel: ""We are carrying someone of extreme importance and any interference will be dealt with appropriately. Back off.""",cutCommLink:Cut the comm link,
greetingAspPrisonerFriendly,OpenCommLink,"$entity.aspCourierFleetPRISONER score:1000
$faction.friendlyToPlayer","$menuState = fleetConvMain 0
FireAll PopulateOptions","Hi, friend. Can this wait? We're on the clock here.",,
greetingAspPrisonerNeutral,OpenCommLink,"$entity.aspCourierFleetPRISONER score:1000
$faction.neutralToPlayer","$menuState = fleetConvMain 0
FireAll PopulateOptions","I'm sorry but we can't be kept long, we're on important Syndicate Business.",,
greetingAspPrisonerHostile,OpenCommLink,"$entity.aspCourierFleetPRISONER score:1000
$faction.hostileToPlayer",$ignorePlayerCommRequests = true 1,"$personRank appears over the comms channel: ""We are willing to defend ourselves and are appropriately armed. Any interference will see ramifications.""",cutCommLink:Cut the comm link,
#ASP Normal Flavour text,,,,,,
greetingAspFriendly,OpenCommLink,"$faction.id == syndicate_asp
$faction.friendlyToPlayer
!$entity.aspCourierFleetITEMS
!$entity.aspCourierFleetVIP
!$entity.aspCourierFleetPRISONER
!$entity.aspCourierFleetMONEY","$menuState = fleetConvMain 0
FireAll PopulateOptions","Hi, friend. Can this wait? We're on the clock here.",,
greetingAspHostileWeaker,OpenCommLink,"$faction.id == syndicate_asp
$faction.hostileToPlayer
$relativeStrength < 0
!$entity.aspCourierFleetITEMS
!$entity.aspCourierFleetVIP
!$entity.aspCourierFleetPRISONER
!$entity.aspCourierFleetMONEY",$ignorePlayerCommRequests = true 1,All requests for comms are being denied.,cutCommLink:Cut the comm link,
greetingAspHostileWeakerDefiant,OpenCommLink,"$faction.id == syndicate_asp
$faction.hostileToPlayer
$relativeStrength < 0
$weakerThanPlayerButHolding
!$entity.aspCourierFleetITEMS
!$entity.aspCourierFleetVIP
!$entity.aspCourierFleetPRISONER
!$entity.aspCourierFleetMONEY",$ignorePlayerCommRequests = true 1,All requests for comms are being denied.,cutCommLink:Cut the comm link,
greetingAspHostileStronger,OpenCommLink,"$faction.id == syndicate_asp
$faction.hostileToPlayer
$relativeStrength >= 0
!$entity.aspCourierFleetITEMS
!$entity.aspCourierFleetVIP
!$entity.aspCourierFleetPRISONER
!$entity.aspCourierFleetMONEY",$ignorePlayerCommRequests = true 1,All requests for comms are being denied.,cutCommLink:Cut the comm link,
greetingAspNeutral,OpenCommLink,"$faction.id == syndicate_asp
$faction.neutralToPlayer
!$entity.aspCourierFleetITEMS
!$entity.aspCourierFleetVIP
!$entity.aspCourierFleetPRISONER
!$entity.aspCourierFleetMONEY","$menuState = fleetConvMain 0
FireAll PopulateOptions","I'm sorry but we can't be kept long, we're on important Syndicate Business.",,
#PACK Normal Flavour text,,,,,,
greetingPackFriendly,OpenCommLink,"$faction.id == pack
$faction.friendlyToPlayer","$menuState = fleetConvMain 0
FireAll PopulateOptions","Hey there, what's happenin'?",,
greetingPackHostileWeaker,OpenCommLink,"$faction.id == pack
$faction.hostileToPlayer
$relativeStrength < 0",$ignorePlayerCommRequests = true 1,All requests for comms are being denied.,cutCommLink:Cut the comm link,
greetingPackHostileWeakerDefiant,OpenCommLink,"$faction.id == pack
$faction.hostileToPlayer
$relativeStrength < 0
$weakerThanPlayerButHolding",$ignorePlayerCommRequests = true 1,All requests for comms are being denied.,cutCommLink:Cut the comm link,
greetingPackHostileStronger,OpenCommLink,"$faction.id == pack
$faction.hostileToPlayer
$relativeStrength >= 0",$ignorePlayerCommRequests = true 1,All requests for comms are being denied.,cutCommLink:Cut the comm link,
greetingPackNeutral,OpenCommLink,"$faction.id == pack
$faction.neutralToPlayer","$menuState = fleetConvMain 0
FireAll PopulateOptions",Can we help you?,,
#JP Explorer Flavour Text,,,,,,
greetingJUNKExplorerNeutral_1,OpenCommLink,"$entity.junkPirateExplorers score:1000
$faction.neutralToPlayer","$menuState = fleetConvMain 0
FireAll PopulateOptions","Dream of the Tangerine? So do we all, but best not to spend too long on one.",,
greetingJUNKExplorerNeutral_2,OpenCommLink,"$entity.junkPirateExplorers score:1000
$faction.neutralToPlayer","$menuState = fleetConvMain 0
FireAll PopulateOptions","Why don't the hab tubes break, you may ask? It is purely the force of our will. Our nature. We bind the planet, stitched up by our souls.",,
greetingJUNKExplorerNeutral_3,OpenCommLink,"$entity.junkPirateExplorers score:1000
$faction.neutralToPlayer","$menuState = fleetConvMain 0
FireAll PopulateOptions","If man seeks perfection, he is seeking failure. For the man who achieves perfection has failed.",,
greetingJUNKExplorerNeutral_4,OpenCommLink,"$entity.junkPirateExplorers score:1000
$faction.neutralToPlayer","$menuState = fleetConvMain 0
FireAll PopulateOptions","There are millions of people floating around this little sector of ours. All of them are people, not all of them are leaders.",,
greetingJUNKExplorerNeutral_5,OpenCommLink,"$entity.junkPirateExplorers score:1000
$faction.neutralToPlayer","$menuState = fleetConvMain 0
FireAll PopulateOptions","Sometimes, $playerName, it just rains, you know?",,
greetingJUNKExplorerHostileStronger_1,OpenCommLink,"$entity.junkPirateExplorers score:1000
$faction.hostileToPlayer
$relativeStrength >= 0",$ignorePlayerCommRequests = true 1,"Remember, please, do not seek perfection. In fact, seek the opposite. Seek the purest kind of chaos, because then anything can happen.",cutCommLink:Cut the comm link,
greetingJUNKExplorerHostileStronger_2,OpenCommLink,"$entity.junkPirateExplorers score:1000
$faction.hostileToPlayer
$relativeStrength >= 0",$ignorePlayerCommRequests = true 1,"Perfection is death, $playerName. See you around, maybe not in this life.",cutCommLink:Cut the comm link,
greetingJUNKExplorerHostileStronger_3,OpenCommLink,"$entity.junkPirateExplorers score:1000
$faction.hostileToPlayer
$relativeStrength >= 0",$ignorePlayerCommRequests = true 1,"The conclusion of it all, really, is nothing. It's not true to say 'nothing is PERFECT', more accurately 'perfect IS nothing'. You are perfect, $playerName.",cutCommLink:Cut the comm link,
greetingJUNKExplorerHostileStronger_4,OpenCommLink,"$entity.junkPirateExplorers score:1000
$faction.hostileToPlayer
$relativeStrength >= 0",$ignorePlayerCommRequests = true 1,I would make the sincere recommendation that the best you can do is enjoy it.,cutCommLink:Cut the comm link,
greetingJUNKExplorerHostileStronger_5,OpenCommLink,"$entity.junkPirateExplorers score:1000
$faction.hostileToPlayer
$relativeStrength >= 0",$ignorePlayerCommRequests = true 1,"We fight, not because we are angry. We fight, not because we are right. We fight, because YOU are wrong.",cutCommLink:Cut the comm link,
greetingJUNKExplorerHostileStronger_6,OpenCommLink,"$entity.junkPirateExplorers score:1000
$faction.hostileToPlayer
$relativeStrength >= 0",$ignorePlayerCommRequests = true 1,When you strive to make the little man your friend; you make him weaker. When you strive to make the big man your friend; he will take your world.,cutCommLink:Cut the comm link,
greetingJUNKExplorerHostileWeakerDefiant_1,OpenCommLink,"$entity.junkPirateExplorers score:1000
$faction.hostileToPlayer
$relativeStrength < 0
$weakerThanPlayerButHolding",$ignorePlayerCommRequests = true 1,"Remember, please, do not seek perfection. In fact, seek the opposite. Seek the purest kind of chaos, because then anything can happen.",cutCommLink:Cut the comm link,
greetingJUNKExplorerHostileWeakerDefiant_2,OpenCommLink,"$entity.junkPirateExplorers score:1000
$faction.hostileToPlayer
$relativeStrength < 0
$weakerThanPlayerButHolding",$ignorePlayerCommRequests = true 1,"Perfection is death, $playerName.",cutCommLink:Cut the comm link,
greetingJUNKExplorerHostileWeakerDefiant_3,OpenCommLink,"$entity.junkPirateExplorers score:1000
$faction.hostileToPlayer
$relativeStrength < 0
$weakerThanPlayerButHolding",$ignorePlayerCommRequests = true 1,"The conclusion of it all, really, is nothing. It's not true to say 'nothing is PERFECT', more accurately 'perfect IS nothing'. You are perfect, $playerName.",cutCommLink:Cut the comm link,
greetingJUNKExplorerHostileWeakerDefiant_4,OpenCommLink,"$entity.junkPirateExplorers score:1000
$faction.hostileToPlayer
$relativeStrength < 0
$weakerThanPlayerButHolding",$ignorePlayerCommRequests = true 1,I would make the sincere recommendation that the best we can do is enjoy it.,cutCommLink:Cut the comm link,
greetingJUNKExplorerHostileWeakerDefiant_5,OpenCommLink,"$entity.junkPirateExplorers score:1000
$faction.hostileToPlayer
$relativeStrength < 0
$weakerThanPlayerButHolding",$ignorePlayerCommRequests = true 1,"We fight, not because we are angry. We fight, not because we are right. We fight, because YOU are wrong.",cutCommLink:Cut the comm link,
greetingJUNKExplorerHostileWeakerDefiant_6,OpenCommLink,"$entity.junkPirateExplorers score:1000
$faction.hostileToPlayer
$relativeStrength < 0
$weakerThanPlayerButHolding",$ignorePlayerCommRequests = true 1,When you strive to make the little man your friend; you make him weaker. When you strive to make the big man your friend; he will take your world.,cutCommLink:Cut the comm link,
greetingJUNKExplorerHostileWeaker_1,OpenCommLink,"$entity.junkPirateExplorers score:1000
$faction.hostileToPlayer
$relativeStrength < 0",$ignorePlayerCommRequests = true 1,"Remember, please, do not seek perfection. In fact, seek the opposite. Seek the purest kind of chaos, because then anything can happen.",cutCommLink:Cut the comm link,
greetingJUNKExplorerHostileWeaker_2,OpenCommLink,"$entity.junkPirateExplorers score:1000
$faction.hostileToPlayer
$relativeStrength < 0",$ignorePlayerCommRequests = true 1,"Perfection is death, $playerName.",cutCommLink:Cut the comm link,
greetingJUNKExplorerHostileWeaker_3,OpenCommLink,"$entity.junkPirateExplorers score:1000
$faction.hostileToPlayer
$relativeStrength < 0",$ignorePlayerCommRequests = true 1,"The conclusion of it all, really, is nothing. It's not true to say 'nothing is PERFECT', more accurately 'perfect IS nothing'.",cutCommLink:Cut the comm link,
greetingJUNKExplorerHostileWeaker_4,OpenCommLink,"$entity.junkPirateExplorers score:1000
$faction.hostileToPlayer
$relativeStrength < 0",$ignorePlayerCommRequests = true 1,I would make the sincere recommendation that the best we can do is enjoy it.,cutCommLink:Cut the comm link,
greetingJUNKExplorerHostileWeaker_5,OpenCommLink,"$entity.junkPirateExplorers score:1000
$faction.hostileToPlayer
$relativeStrength < 0",$ignorePlayerCommRequests = true 1,When you strive to make the little man your friend; you make him weaker. When you strive to make the big man your friend; he will take your world.,cutCommLink:Cut the comm link,
greetingJUNKExplorerFriendly_1,OpenCommLink,"$entity.junkPirateExplorers score:1000
$faction.friendlyToPlayer","$menuState = fleetConvMain 0
FireAll PopulateOptions","My advice to you, $playerName, is that happiness is just the way your brain takes on certain chemicals. Sometimes you can ... encourage ... those chemicals by having a near-death experience in a starship.",,
greetingJUNKExplorerFriendly_2,OpenCommLink,"$entity.junkPirateExplorers score:1000
$faction.friendlyToPlayer","$menuState = fleetConvMain 0
FireAll PopulateOptions","If it doesn't look right, it doesn't mean it isn't right. If people choose to rewrite what is 'right', that is not your problem.",,
greetingJUNKExplorerFriendly_3,OpenCommLink,"$entity.junkPirateExplorers score:1000
$faction.friendlyToPlayer","$menuState = fleetConvMain 0
FireAll PopulateOptions","If you're the only one carrying an opinion in a room of a hundred people, it probably means you are the one who has got it right.",,
greetingJUNKExplorerFriendly_4,OpenCommLink,"$entity.junkPirateExplorers score:1000
$faction.friendlyToPlayer","$menuState = fleetConvMain 0
FireAll PopulateOptions",Who is the King? Who are you? He has chosen to walk round with a big target on his back and the weight of our great lands around his shoulders. Who do you think is really holding the power?,,
greetingJUNKExplorerFriendly_5,OpenCommLink,"$entity.junkPirateExplorers score:1000
$faction.friendlyToPlayer","$menuState = fleetConvMain 0
FireAll PopulateOptions","If you want to make waves, $playerName - dont try and control the water - just rearrange the sea bed.",,
greetingJUNKExplorerFriendly_6,OpenCommLink,"$entity.junkPirateExplorers score:1000
$faction.friendlyToPlayer","$menuState = fleetConvMain 0
FireAll PopulateOptions","Its cold outside, theres no kind of atmosphere. Do you think we are all alone, $playerName? More or less.",,
greetingJUNKExplorerFriendly_7,OpenCommLink,"$entity.junkPirateExplorers score:1000
$faction.friendlyToPlayer","$menuState = fleetConvMain 0
FireAll PopulateOptions","You know who made these tubes? The tubes that hold tight as the Glorious plates shift around us and huge rifts of ammonia ice drift right into us? It was us. We made them, with the force of our spirit alone.",,
# JUNK fleet greeting lines,,,,,,
greetingJUNKFriendly,OpenCommLink,"$faction.id == junk_pirates
$faction.friendlyToPlayer
!$entity.junkPirateExplorers","$menuState = fleetConvMain 0
FireAll PopulateOptions","Hello, Friend. Her red light warms both of us, tonight.",,
greetingJUNKHostileWeaker,OpenCommLink,"$faction.id == junk_pirates
$faction.hostileToPlayer
$relativeStrength < 0
!$entity.junkPirateExplorers",$ignorePlayerCommRequests = true 1,Know this - my friends don't forget easily.,cutCommLink:Cut the comm link,
greetingJUNKHostileWeakerDefiant,OpenCommLink,"$faction.id == junk_pirates
$faction.hostileToPlayer
$relativeStrength < 0
$weakerThanPlayerButHolding
!$entity.junkPirateExplorers",$ignorePlayerCommRequests = true 1,"$personRank laughs over the comm link. ""Wish me luck, $playerName.""",cutCommLink:Cut the comm link,
greetingJUNKHostileStronger,OpenCommLink,"$faction.id == junk_pirates
$faction.hostileToPlayer
$relativeStrength >= 0
!$entity.junkPirateExplorers",$ignorePlayerCommRequests = true 1,This will be fun.,cutCommLink:Cut the comm link,
greetingJUNKNeutral,OpenCommLink,"!$entity.junkPirateExplorers
$faction.id == junk_pirates
$faction.neutralToPlayer","$menuState = fleetConvMain 0
FireAll PopulateOptions",I've got your number. Re-engage with your original mission.,,


# ==============================================================================

# ==============================================================================

# ==============================================================================

# ==============================================================================

# ==============================================================================
# HYPERCUBE - TRI-HARMONIC RESONANCE PUZZLE
# ==============================================================================
junkpiratesHypercubeOpen,OpenInteractionDialog,"$customType == junk_pirates_hypercube score:1000
!$entity.hypercube_completed","ShowDefaultVisual
JunkPiratesHypercubePuzzle init","Your fleet matches orbit with the dark, monolithic geometry of the Hypercube. The adamantine tesseract hangs suspended against the stars, hairline inlays of brass filigree veining its mirror-polished faces.

An intricate mechanical apparatus spans the surface: an outer brass ring, a sunken obsidian core, lateral sliding facets, and a central grounding pin.

Sensor arrays register shifting harmonics between three distinct physical phenomena: Acoustic Resonance, Luminescence, and Spatial Tension. Attempting to force any channel beyond safe tolerances or discharging an empty reservoir will trigger a catastrophic spatial shear.",,
junkpiratesHypercubeActRing,DialogOptionSelected,$option == hypercube_act_ring,JunkPiratesHypercubePuzzle ring,,,
junkpiratesHypercubeActCore,DialogOptionSelected,$option == hypercube_act_core,JunkPiratesHypercubePuzzle core,,,
junkpiratesHypercubeActFacets,DialogOptionSelected,$option == hypercube_act_facets,JunkPiratesHypercubePuzzle facets,,,
junkpiratesHypercubeActPin,DialogOptionSelected,$option == hypercube_act_pin,JunkPiratesHypercubePuzzle pin,,,
junkpiratesHypercubeClue,DialogOptionSelected,$option == hypercube_clue,JunkPiratesHypercubePuzzle init,"You review the degraded audio log recovered from the shattered scavenger frigate drifting nearby:

""...they are bound in a closed ring! Sound feeds Light. Light feeds Gravity. Gravity feeds Sound. If you try to force one channel past three units, it fractures. If you try to siphon from an empty channel, it cavitates and violently backfires!

To open the box, you cannot force one to zero while the others rage. You must bring all three into perfect balance—equal in weight—and only then strike the central pin to drain them into the void! Once all three reach absolute zero... the gateway opens...""",,
junkpiratesHypercubeCompleted,OpenInteractionDialog,"$customType == junk_pirates_hypercube score:1001
$entity.hypercube_completed",ShowDefaultVisual,"The Hypercube rests in its final, permanently stabilized configuration. The adamantine faces are locked open, revealing the empty, dead containment chamber. The local vacuum is devoid of anomalous resonance or spatial shear. The puzzle has been solved.",hypercube_leave:Leave,
junkpiratesHypercubeLeave,DialogOptionSelected,$option == hypercube_leave,DismissDialog,,,

# ==============================================================================
# LINCOLN CATHEDRAL - NEURAL CRADLE & ALPHA CORE INTEGRATION
# ==============================================================================
lincolnCathedralOptionSlot,PopulateOptions,"$entity.id == lincoln_cathedral
$menuState == main
!$entity.alphaCoreSlotted",,,lincolnCathedralInspectCradle:Inspect the Cathedral's neural cradle,
lincolnCathedralOptionActive,PopulateOptions,"$entity.id == lincoln_cathedral
$menuState == main
$entity.alphaCoreSlotted",,,lincolnCathedralCommuneCore:Interface with the Cathedral's Alpha Core custodian,
lincolnCathedralCradleSelected,DialogOptionSelected,$option == lincolnCathedralInspectCradle,LincolnCathedralCradle init,,,
lincolnCathedralCommuneSelected,DialogOptionSelected,$option == lincolnCathedralCommuneCore,LincolnCathedralCradle commune,,,
lincolnCathedralDoSlotSelected,DialogOptionSelected,$option == lincolnCathedralDoSlot,LincolnCathedralCradle slot,,,
lincolnCathedralAskStatusSelected,DialogOptionSelected,$option == lincolnCathedralAskStatus,LincolnCathedralCradle status,,,
lincolnCathedralTryUnplugSelected,DialogOptionSelected,$option == lincolnCathedralTryUnplug,LincolnCathedralCradle try_unplug,,,
lincolnCathedralBackSelected,DialogOptionSelected,$option == lincolnCathedralBack,FireAll PopulateOptions,,,
jp_yorkBar_pop,DialogOptionSelected,"$option == marketVisitBar
JP_YorkBar_Cmd isValid score:100",FireBest BarShuttleDownPrintDesc,"As you enter the dockside bar, you notice a weary-looking spacer slumped in a booth, poring over a battered TriPad filled with encrypted astrometric survey charts.","jp_yorkBar_approach:Approach the spacer and inquire about their survey charts
jp_yorkBar_ignore:Ignore them and head into the main bar area",
jp_yorkBar_init_fresh,DialogOptionSelected,"$option == jp_yorkBar_approach
!$global.jp_yorkBar_mealBought",JP_YorkBar_Cmd showPerson,"You slide into the booth opposite the spacer. They glance up, their eyes sunken and unfocused, before looking back down at their battered TriPad. Their stomach gives a loud, hollow growl.

""I don't have time for tourists, captain,"" they mutter. ""I'm trying to figure out how to stretch my last credits into a week of nutrient paste.","jp_yorkBar_buyMeal:Order a top-of-the-line luxury meal for the spacer (40000 credits)
jp_yorkBar_leave:Leave them to their charts",
jp_yorkBar_init_returning,DialogOptionSelected,"$option == jp_yorkBar_approach
$global.jp_yorkBar_mealBought",JP_YorkBar_Cmd showPerson,"You slide back into the booth. The spacer gives you a knowing nod, sliding the empty luxury plate aside.

""You're back,"" they say, leaning forward. ""Still interested in those survey charts?","jp_yorkBar_hub:Resume your conversation
jp_yorkBar_leave:Leave them to their charts",
jp_yorkBar_noCredits,DialogOptionSelected,"$option == jp_yorkBar_buyMeal
!JP_YorkBar_Cmd hasCredits 40000",,You can't afford a meal for them.,jp_yorkBar_leave:Leave them to their charts,
jp_yorkBar_meal,DialogOptionSelected,"$option == jp_yorkBar_buyMeal
JP_YorkBar_Cmd hasCredits 40000",JP_YorkBar_Cmd spendCredits 40000,"You flag down a server drone and order a top-of-the-line luxury meal—genuine vat-grown steak, real hydroponic greens, and a bottle of pristine pre-Collapse vintage. The spacer stares in sheer disbelief before devouring it with startling speed, wiping their mouth with the back of their sleeve.

The spacer looks up from the display, glancing around the crowded room before leaning forward across the table.

""You have the bearing of someone who looks beyond the Core, captain. Most in this bar only care about the next supply run or the price of fuel on the black market. But me? I trace the ghosts.""

""My family flew deep-scan recon on an exploratory hauler long before the AI Wars. Far beyond the edge of the Sector, their sensors locked onto two distinct anomalies.",jp_yorkBar_hub:Listen,
jp_yorkBar_hub,DialogOptionSelected,$option == jp_yorkBar_hub,,,jp_yorkBar_leave:Politely decline and step away,
jp_yorkBar_hub_addHyp,DialogOptionSelected,"$option == jp_yorkBar_hub
!JP_YorkBar_Cmd hasHypercube",,,jp_yorkBar_askHypercube:Inquire about the geometric spatial anomaly (The Hypercube),
jp_yorkBar_hub_addCath,DialogOptionSelected,"$option == jp_yorkBar_hub
JP_YorkBar_Cmd isHypercubeSolved
!JP_YorkBar_Cmd hasYork",,,jp_yorkBar_askCathedral:Hand over the encrypted Astrometric Datacore from the anomaly,
jp_yorkBar_hub_addFinal,DialogOptionSelected,"$option == jp_yorkBar_hub
JP_YorkBar_Cmd isQuestComplete",,,jp_yorkBar_finalReward:Tell the spacer the Cathedral is secure,
jp_yorkBar_bothDone,DialogOptionSelected score:10,"$option == jp_yorkBar_hub
JP_YorkBar_Cmd hasYork
JP_YorkBar_Cmd hasHypercube
!JP_YorkBar_Cmd isQuestComplete",,"You've got the coordinates now, captain. May the void treat you well.",jp_yorkBar_leave:Leave,
jp_yorkBar_askHypercube,DialogOptionSelected,$option == jp_yorkBar_askHypercube,,"The first anomaly is buried in the deep outer fringes of this very system. It's a massive, perfectly geometric structure floating in absolute darkness. It emits no heat, no standard radiation, but it bends spatial telemetry around it like a puzzle box.""

""I'm not letting that data go to just any scavenger. This Sector is full of fools who'd crack it open and doom us all.","jp_yorkBar_hub:Return to the previous topics
jp_yorkBar_leave:Politely decline and step away",
jp_yorkBar_askHypercube_addSP,DialogOptionSelected,"$option == jp_yorkBar_askHypercube
JP_YorkBar_Cmd hasSP 3",,,jp_yorkBar_spendHypercube:Convince the spacer you have the expertise to safely investigate the anomaly [3 Story Points],
jp_yorkBar_noSPHypercube,DialogOptionSelected,"$option == jp_yorkBar_askHypercube
!JP_YorkBar_Cmd hasSP 3",,,jp_yorkBar_noSP_HypDummy:Convince the spacer you have the expertise to safely investigate the anomaly [Requires 3 Story Points],
jp_yorkBar_spendHypercube,DialogOptionSelected,"$option == jp_yorkBar_spendHypercube
JP_YorkBar_Cmd hasSP 3",JP_YorkBar_Cmd spendSP_Hypercube,"You lay out your technical background and history of dealing with volatile deep-space phenomena, making it clear you are one of the few who can handle Domain-era physics puzzles without triggering a catastrophic reaction.

The spacer nods slowly and transmits a corrupted data packet containing deep-space coordinates.",jp_yorkBar_hub:Return to previous topics,
jp_yorkBar_askCathedral,DialogOptionSelected,$option == jp_yorkBar_askCathedral,,"You slide the encrypted Early-Domain Astrometric Datacore across the table. The spacer's eyes widen as they plug it into their TriPad and decrypt the navigation telemetry.

""Far beyond the southern edge of the Sector, past where the beacons die, sensors locked onto a clean, uncatalogued yellow star. They swore on their dying breaths that it harbored an untouched Terran garden world, rich companion mining moons, and an ancient Domain cathedral station silently holding orbit.""

""Word of caution, though: our old sensor logs caught terrifying, non-human neutrino signatures pulsing in that gravity well—heavy automated drone battlegroups. If you go out there looking for a new home, bring enough guns to fight a war.""

""And one more thing: it takes an Alpha Core to awaken the station's automated systems. If you bring one out there and slot it into the cradle, Domain protocols will fuse it permanently into the bulkheads. But it'll watch over your people forever. I'm not giving this to a warlord or a corporate suit. It needs to go to someone who wants to build something real.","jp_yorkBar_hub:Return to the previous topics
jp_yorkBar_leave:Politely decline and step away",
jp_yorkBar_askCathedral_addSP,DialogOptionSelected,"$option == jp_yorkBar_askCathedral
JP_YorkBar_Cmd hasSP 3",,,jp_yorkBar_spendCathedral:Confront the spacer with your vision of a free haven beyond the Core [3 Story Points],
jp_yorkBar_noSPCathedral,DialogOptionSelected,"$option == jp_yorkBar_askCathedral
!JP_YorkBar_Cmd hasSP 3",,,jp_yorkBar_noSP_CathDummy:Confront the spacer with your vision of a free haven beyond the Core [Requires 3 Story Points],
jp_yorkBar_spendCathedral,DialogOptionSelected,"$option == jp_yorkBar_spendCathedral
JP_YorkBar_Cmd hasSP 3",JP_YorkBar_Cmd spendSP_Cathedral,"You outline your plans for the frontier—not another corporate tech-mine or bloody warlord fief, but a genuine sanctuary where crews can build a future.

The spacer stares at you in silence for a long moment, then pushes a heavy, lead-jacketed nav-cartridge into your hands.

""Take it, captain. If someone is finally going to wake the Cathedral and plant crops under that yellow star, I want it to be someone with fire in their chest. Go make it count.",jp_yorkBar_hub:Return to previous topics,
jp_yorkBar_finalReward,DialogOptionSelected,$option == jp_yorkBar_finalReward,JP_YorkBar_Cmd completeQuest,"You tell the spacer about the Cathedral, the Alpha Core, and the garden world. The spacer leans back, a genuine smile breaking across their face.

""You really did it. You actually built something real out there."" They reach into their satchel and pull out a glowing, impossibly complex mechanism. ""I found this a long time ago. I was saving it, but I think you've earned it.",jp_yorkBar_leave:Leave,
jp_yorkBar_noSP_CathDummy_handler,DialogOptionSelected,$option == jp_yorkBar_noSP_CathDummy,,You do not have enough Story Points to convince the spacer.,jp_yorkBar_hub:Return to previous topics,
jp_yorkBar_noSP_HypDummy_handler,DialogOptionSelected,$option == jp_yorkBar_noSP_HypDummy,,You do not have enough Story Points to convince the spacer.,jp_yorkBar_hub:Return to previous topics,
jp_yorkBar_hypDone,DialogOptionSelected score:10,"$option == jp_yorkBar_hub
JP_YorkBar_Cmd hasHypercube
!JP_YorkBar_Cmd isHypercubeSolved",,"You have the coordinates for the anomaly, captain. Come back when you crack it.",jp_yorkBar_leave:Leave,

jp_yorkBar_questDoneHub,DialogOptionSelected score:10,"$option == jp_yorkBar_hub
JP_YorkBar_Cmd isQuestComplete",,You've returned. What did you find out there?,jp_yorkBar_finalReward:Tell the spacer the Cathedral is secure, jp_yorkBar_leave:Leave,

jp_yorkBar_leave,DialogOptionSelected,$option == jp_yorkBar_leave,"FireBest BarPrintDesc
BarCMD showOptions",,,
jp_yorkBar_ignore_rule,DialogOptionSelected,$option == jp_yorkBar_ignore,"FireBest BarPrintDesc
BarCMD showOptions",,,
