name,id,tier,rarity,tech/manufacturer,tags,uiTags,base value,unlocked,hidden,hiddenEverywhere,cost_frigate,cost_dest,cost_cruiser,cost_capital,script,desc,short,sModDesc,sprite
Overclocked,pack_overclocked_ca,0,,,,,,,TRUE,,0,0,0,0,data.hullmods.OverclockedCA,"Engineered by P.A.C.K. technicians, this vessel's power grid has been pushed far beyond safe factory specifications. The intensive tuning yields superior combat performance but requires constant maintenance, increasing supply maintenance cost by %s percent at maximum combat readiness.",Increased performance and maintenance.,,graphics/hullmods/pack_overclocked.png
Overclocked,pack_overclocked_rh,0,,,,,,,TRUE,TRUE,0,0,0,0,data.hullmods.OverclockedRH,"Engineered by P.A.C.K. technicians, this vessel's power grid has been pushed far beyond safe factory specifications. The intensive tuning yields superior combat performance but requires constant maintenance, increasing supply maintenance cost by %s percent at maximum combat readiness.",Increased performance and maintenance.,,graphics/hullmods/pack_overclocked.png
Overclocked,pack_overclocked_cb,0,,,,,,,TRUE,TRUE,0,0,0,0,data.hullmods.OverclockedCB,"A more aggressive variant of P.A.C.K. overclocking, stripping away safety limiters. Increases supply maintenance cost by %s percent at maximum combat readiness, and the intense mechanical stress reduces peak combat readiness duration by %s percent.","Increased performance and maintenance, reduced peak CR.",,graphics/hullmods/pack_overclocked.png
Pre-militarized Hullform,junk_pirates_premil,0,,,,,,,TRUE,,0,0,0,0,data.hullmods.PreMil,"A poorly executed attempt to bring a civilian vessel up to military standards. Improvised bulkheads and unshielded engine blocks counteract the benefits of mil-spec armor coatings, increasing the ship's sensor profile by %s percent.",Increased sensor profile by %s percent.,,graphics/hullmods/civilian_grade.png
Bullseye Suite,pack_bullseye_suite,0,,,,,,,TRUE,,0,0,0,0,data.hullmods.BullseyeSuite,"A comprehensive aftermarket overhaul of the vessel's reactor and targeting computers. Designed by P.A.C.K. engineers for prolonged warfare, this suite significantly improves flux distribution and mobility systems.",Improved flux handling and mobility.,Increases projectile speed by %s and weapon turn rate by %s.,graphics/hullmods/generic_mod.png
ASP Syndicate Sponsored,syndicate_asp_mod,0,,,,,,,TRUE,,0,0,0,0,data.hullmods.SyndicateAspTradeMod,"Maintained under a premium ASP Syndicate service contract. The hull gleams with a polished finish, and all internal systems are kept in immaculate, combat-ready condition, reflecting a substantial corporate investment.",ASP Syndicate premium maintenance package.,,graphics/hullmods/syndicate_asp_sponsored.png
Integrated Point Defense AI,pack_dummy_point_defense_ai,0,,,defensive,"Weapons, Defenses",,,TRUE,TRUE,0,0,0,0,data.hullmods.PackDummyIntegratedPointDefenseAI,"An integrated AI routine that dynamically slaves small weapons to a localized defense grid, granting all small non-missile weapons the ability to automatically track and engage incoming enemy missiles.",All small non-missile weapons act as point-defense.,,graphics/hullmods/integrated_point_defense_ai.png
Metastable Drive Field,junk_pirates_tangerine,0,,,,,,,TRUE,,0,0,0,0,data.hullmods.JunkPiratesTangerine,"Conventional wisdom dictates that a metastable drive is perfectly safe, provided it isn't pushed too far.

At high hard flux levels, this scavenged drive field destabilizes to provide a significant speed boost (up to %s percent). This deliberate instability is prone to catastrophic overloads, but makes the vessel remarkably easy to recover after a battle.","Speed boost at high flux, dangerous overloads.",Reduces overload duration by %s and decreases EMP damage taken by %s.,graphics/hullmods/junk_pirates_metastable_drive_field.png
Shocking Behaviour,junk_pirates_shocking_behaviour,0,,,,,,,TRUE,TRUE,0,0,0,0,data.hullmods.JunkPiratesShockingBehaviour,"Due to dangerously exposed flux coils and improvised power conduits, this module arcs back to parent station at high flux.",,,
Octopus No Shields,junk_pirates_no_shields,0,,,,,,,TRUE,TRUE,0,0,0,0,data.hullmods.JunkPiratesOctopus,"Attempting to install secondary generators would cause catastrophic phase interference, which prohibits shield hullmods, as the built in shield module does all the work.",,,
Wibble Wobble,junk_pirates_wibble_wobble,0,,,,,,,TRUE,TRUE,0,0,0,0,data.hullmods.JunkPiratesWibbleWobble,"A side effect of the Junk Pirates' notorious 'good enough' engineering. The gyroscopic stabilizers are slightly misaligned, which makes things go a bit wibbly wobbly.",,,
Wobble Wibble,junk_pirates_wobble_wibble,0,,,,,,,TRUE,TRUE,0,0,0,0,data.hullmods.JunkPiratesWobbleWibble,"A severe iteration of gyroscopic misalignment. The vessel's superstructure shudders violently under engine stress, which makes things go a bit wobbly wibbly.",,,
Blue Zapper,junk_pirates_tangerine_blue,0,,,,,,,TRUE,TRUE,0,0,0,0,data.hullmods.JunkPiratesTangerineBlue,"An experimental iteration of the metastable drive. It created a cascading wave of volatility that doomed several test crews. The project was abruptly canceled, but a few of these highly dangerous prototype drives remain in circulation.","Extreme speed boost at high flux, highly dangerous.",,graphics/hullmods/junk_pirates_metastable_drive_field.png
Born with a Silver Spanner,CC_junk_pirates,0,,Commissioned Crews,,,,,TRUE,,0,0,0,0,data.hullmods.CCJunkPirates,"The chaotic hierarchy of a Junk Pirates crew ensures the vessel remains operational long after warning klaxons have sounded. Their frantic, unconventional repairs result in %s higher maximum combat readiness, and a %s reduction in CR degradation once peak time has expired.",,,graphics/hullmods/junk_pirates_silver_spanner.png
Survival Instincts,CC_pack,0,,Commissioned Crews,,,,,TRUE,,0,0,0,0,data.hullmods.CCPack,"Operated by a P.A.C.K. crew utilizing proprietary, arcane communication protocols. The resulting high-bandwidth network allows for superior tactical responsiveness and a vastly reduced electronic footprint, lowering the vessel's sensor profile to %s of its base value.",,,graphics/hullmods/pack_instincts.png
Corporate Discipline,CC_syndicate_asp,0,,Commissioned Crews,,,,,TRUE,,0,0,0,0,data.hullmods.CCSyndicateAsp,A tidy workspace yields a tidy profit. ASP Syndicate crews are renowned for their meticulous maintenance and strict organizational protocols. This professional upkeep results in a %s boost to overall combat readiness and a %s improvement in flux dissipation.,,,graphics/hullmods/syndicate_asp_discipline.png
P.A.C.K. Mesh,pack_mesh,0,,,,,,,TRUE,,0,0,0,0,data.hullmods.JunkPiratesPackMesh,"The P.A.C.K. rely on a highly resilient, proprietary mesh network to coordinate deployments. When multiple ships utilizing this network are deployed together, they share processing power to boost the entire fleet.

Each unique hull class contributes its bonus once:

Frigate: +%s weapon range
Destroyer: -%s shield damage taken
Cruiser: +%s top speed

5+ unique hulls: -%s weapon flux cost
10+ unique hulls: +%s base flux capacity",Fleet bonuses based on diverse P.A.C.K. hulls deployed.,Increases base top speed by %s and reduces weapon flux cost by %s.,graphics/hullmods/pack_mesh.png
Spinerette Base Fix,junk_pirates_spinerette_base_fix,0,,,,,,,TRUE,TRUE,0,0,0,0,data.hullmods.JunkPiratesSpineretteBaseFix,,,,
Scrap Damper (Passive),junk_pirates_damper_hullmod,0,,,,,,,TRUE,TRUE,1,3,5,8,data.hullmods.JunkPiratesDamperHullMod,"Passive localized structural fields permanently reduce damage taken by armor, hull, and EMP by %s. When the ships Scrap Damper system is active, this total reduction scales up to %s.",,,
