id,rating,detection_range,type,autoXP,xpDiscover,xpSalvage,tags,drop_value,drop_random,defFaction,probDefenders,minStr,maxStr,maxSize,probStation,stationRole
junk_pirates_anarchist_weapons_cache,0,1700,DISCOVERABLE,200,,,no_debris,"supplies:100000, fuel:25000, machinery:30000","junk_anarchy1:4,
junk_anarchy2:2,
any_hullmod_low:3",,,,,,,
junk_pirates_anarchist_weapons_cache_small,0,1200,DISCOVERABLE,200,,,no_debris,"supplies:25000, fuel:7500, machinery:15000","junk_anarchy1:3,
any_hullmod_low:2",,,,,,,
,,,,,,,,,,,,,,,,
junk_pirates_anarchist_research,1,1200,DISCOVERABLE,2000,,,,,"basic:8000,
ai_cores3:2,
ai_cores2:1,
junk_anarchy1:8,
any_hullmod_high:6,
junk_anarchy2:4,
blueprints:2,
junk_scrap1:20x400",,,,,,,
junk_pirates_anarchist_mining,0.75,1700,DISCOVERABLE,1500,1000,3000,,machinery:4000,"basic:5000,
extended:20x3000,
any_hullmod_medium:2,
junk_scrap1:30x300,
junk_scrap2:4",,,,,,,
junk_pirates_anarchist_habitat,0.5,1200,DISCOVERABLE,500,,,,,"basic:7000,
goods:5x3600,
ai_cores1:3,
junk_scrap1:20x600,
junk_scrap2:2",,,,,,,
junk_pirates_spinerette_active,1,1700,DISCOVERABLE,2500,,,no_debris,"supplies:500000, fuel:100000, machinery:150000","rare_tech:1, rare_tech_low:2, ai_cores3:1, ai_cores2:1, ai_cores1:2",,,,,,,
